{"cameraMode":{"drawMode":0,"name":"Shaded","section":"Shading Mode"},"sceneLighting":true,"audioPlay":false,"sceneViewState":{"m_AlwaysRefresh":false,"showFog":true,"showSkybox":true,"showFlares":true,"showImageEffects":true,"showParticleSystems":true,"showVisualEffectGraphs":true,"m_FxEnabled":true},"in2DMode":false,"pivot":{"x":-17.797183990478517,"y":2.786919116973877,"z":-13.34809398651123},"rotation":{"x":0.040249112993478778,"y":-0.10859370231628418,"z":0.004400471691042185,"w":0.9932612180709839},"size":20.008607864379884,"orthographic":false}